{"cameraMode":{"drawMode":0,"name":"Shaded","section":"Shading Mode"},"sceneLighting":true,"audioPlay":false,"sceneViewState":{"showFog":true,"showMaterialUpdate":false,"showSkybox":true,"showFlares":true,"showImageEffects":true,"showParticleSystems":true,"showVisualEffectGraphs":true,"m_FxEnabled":true},"in2DMode":false,"pivot":{"x":333.57952880859377,"y":-146.58180236816407,"z":134.03297424316407},"rotation":{"x":0.18871784210205079,"y":0.7776301503181458,"z":-0.2742217481136322,"w":0.5336673259735107},"size":135.88404846191407,"orthographic":false}